[
	{
		"type": "Chameleon",
		"Name": "Lizi",
		"Age": 12,
		"Gender": 0,
		"FavoriteHumanName": "Liron",
		"CurrentColor": "Blue",
	},
	{
		"type": "Elephant",
		"Name": "Pili",
		"Age": 100,
		"Gender": 1,
		"FavoriteHumanName": "Piron",
		"TrunkLength": 10,
		"Tusks": 1,
	},
	{
		"type": "Ostrich",
		"Name": "Osti",
		"Age": 40,
		"Gender": 1,
		"FavoriteHumanName": "Osnat",
		"IsHeadInGround": True,
	},
	{
		"type": "Otter",
		"Name": "Moshe",
		"Age": 10,
		"Gender": 0,
		"FavoriteHumanName": "Mike",
		"FavoriteRock": {
			"Weight": 3,
		},
	},
	{
		"type": "Shark",
		"Name": "Amnon",
		"Age": 30,
		"Gender": 1,
		"FavoriteHumanName": "Amit",
		"IsLawyer": True,
		"Type": 5,
	},
	{
		"type": "Tiger",
		"Name": "Tigi",
		"Age": 23,
		"Gender": 0,
		"FavoriteHumanName": "Tom",
		"Stripes": 50,
		"HumansEaten": 3,
	}
]
